,specimen_id,longitude,latitude
1, toshii_1,46.891944,-22.473333
4, humbertii_4,43.7975,-22.875
9, boinensis_9,46.801111,-16.319444
18, bissetiae_18,46.805278,-16.328889
20, bissetiae_20,46.432222,-15.588889
32, bissetiae_32,46.801111,-16.319444
42, commersoniana_42,46.887778,-25.055833
111, commersoniana_111,46.890278,-25.0525
112, commersoniana_112,47.002222,-24.953889
113, commersoniana_113,46.993889,-24.974167
122, labatii_122,44.700833,-18.689444
123, liaudii_123,48.276667,-18.866389
249, toshii A.P.Davis & Rakotonas._249,48.27694,-18.85
256, richardii J.-F. Leroy_256,50.041667,-14.101389
260, mangoroensis_260,48.469736,-18.945639
261, perrieri Drake ex Jum. & H. Perrier_261,46.333889,-24.560833
262, perrieri Drake ex Jum. & H. Perrier_262,46.333889,-24.560833
263, perrieri Drake ex Jum. & H. Perrier_263,46.333889,-24.560833
264, resinosa (Hook. f.) Radlk._264,47.701944,-23.175278
265, tricalysioides_265,48.964722,-14.203611
266, tricalysioides_266,48.964722,-14.203611
267, tricalysioides_267,48.980556,-14.126389
268, resinosa_268,47.701944,-23.175278
269, resinosa_269,47.757778,-23.083889
270, humbertii_270,43.610638,-23.078725
271, buxifolia A.Chev._271,47.004722,-20.089166
272, mcphersonii A.P.Davis & Rakotonas._272,49.7,-13.183333
273, tricalysioides J.-F.Leroy_273,47.703333,-20.308333
274, richardii J.-F.Leroy_274,50.0,-14.1
275, buxifolia_275,47.1925,-20.657222
276, grevei_276,43.572825,-23.04437
277, mangoroensis Portères_277,48.80306,-18.40139
278, resinosa (Hook.f.) Radlk._278,,
279, rakotonasoloi A.P.Davis_279,,
280, perrieri_280,45.993359,-17.044592
281, resinosa (Hook.f.) Radlk._281,,
282, arabica L._282,,
283, tsirananae_283,49.353056,-12.373611
284, mangoroensis_284,48.305833,-18.872222
295, mangoroensis Portères_295,48.158056,-19.047778
296, mangoroensis Portères_296,48.42111,-18.93778
297, mangoroensis Portères_297,48.80306,-18.40139
299, mangoroensis Portères_299,,
300, mangoroensis Portères_300,,
301, mangoroensis Portères_301,48.41917,-18.93722
302, mangoroensis Portères_302,,
303, liaudii J.-F.Leroy ex A.P.Davis_303,48.27139,-18.85944
304, mangoroensis Portères_304,,
305, liaudii J.-F.Leroy ex A.P.Davis_305,,
306, mangoroensis Portères_306,48.42833,-18.95056
307, mangoroensis Portères_307,,
308, mangoroensis Portères_308,48.29056,-18.85
310, arabica_310,48.253404,-13.825989
311, mangoroensis_311,48.380066,-19.189873
312, coursiana J.-F. Leroy_312,48.553056,-19.164722
313, perrieri Drake ex Jum. & H. Perrier_313,44.272222,-22.853611
314, bissetiae_314,47.590008,-15.407416
315, abbayesii J.-F. Leroy_315,47.166111,-24.796389
316, abbayesii J.-F. Leroy_316,47.136111,-24.842778
317, bissetiae_317,47.504282,-15.403732
318, bissetiae_318,47.549289,-15.487327
324, pervilleana (Baill.) Drake_324,44.28417,-17.54361
325, pervilleana (Baill.) Drake_325,44.30139,-18.01528
326, boiviniana (Baill.) Drake_326,44.27417,-18.00056
330, moratii J.-F.Leroy ex A.P.Davis & Rakotonas._330,44.31583,-18.03361
333, perrieri Drake ex Jum. & H.Perrier_333,,
344, pervilleana (Baill.) Drake_344,44.31583,-18.03361
345, tetragona Jum. & H.Perrier_345,44.32444,-18.03583
346, tetragona Jum. & H.Perrier_346,44.31583,-18.03361
349, pervilleana (Baill.) Drake_349,44.31583,-18.03361
359, kianjavatensis J.-F.Leroy_359,47.85861,-21.38028
395, boiviniana (Baill.) Drake_395,44.27417,-18.00056
421, moratii J.-F.Leroy ex A.P.Davis & Rakotonas._421,44.32444,-18.03583
445, boiviniana (Baill.) Drake_445,44.27417,-18.00056
463, perrieri_463,46.015711,-17.117819
492, perrieri_492,46.015693,-17.117573
493, pervilleana_493,45.920397,-17.077081
494, pervilleana_494,45.923007,-17.07882
495, tricalysioides J.-F.Leroy_495,,
496, humbertii J.-F. Leroy_496,44.583333,-22.916667
497, buxifolia A. Chev._497,47.25,-21.25
498, resinosa (Hook.f.) Radlk._498,,
499, ratsimamangae J.-F.Leroy ex A.P.Davis & Rakotonas._499,,
500, boiviniana (Baill.) Drake_500,49.353747,-12.336711
501, humbertii J.-F.Leroy_501,,
502, humbertii J.-F.Leroy_502,43.625805,-23.250722
503, humbertii J.-F.Leroy_503,43.625805,-23.250722
504, humbertii J.-F.Leroy_504,44.690055,-22.888583
505, grevei Drake ex A.Chev._505,44.676033,-20.076667
506, humbertii J.-F.Leroy_506,44.1366,-23.5318
507, humbertii J.-F.Leroy_507,44.1366,-23.5318
508, tricalysioides_508,48.964203,-14.184007
509, perrieri Drake ex Jum. & H. Perrier_509,44.272222,-22.853611
510, ratsimamangae J.-F. Leroy ex A.P. Davis & Rakotonas._510,49.355,-12.343889
511, mangoroensis Portères_511,48.28944,-18.84527
514, millotii J.-F. Leroy_514,49.786667,-16.4525
516, callmanderi A.P. Davis & Rakotonas._516,,
517, tsirananae J.-F. Leroy_517,49.35305,-12.37361
518, grevei Drake ex A. Chev._518,44.483333,-20.166667
519, millotii J.-F. Leroy_519,48.556111,-19.158611
520, leroyi A.P. Davis_520,49.28583,-14.33666
521, tricalysioides J.-F. Leroy_521,49.43333,-14.23333
522, dubardii Jum._522,49.1725,-12.487778
523, dubardii Jum._523,49.218333,-12.578889
524, perrieri Drake ex Jum. & H. Perrier_524,44.561944,-18.111389
526, richardii J.-F. Leroy_526,49.308889,-17.956667
527, liaudii J.-F. Leroy ex A.P. Davis_527,48.271945,-18.860556
529, liaudii J.-F. Leroy ex A.P. Davis_529,,
530, millotii J.-F. Leroy_530,48.31888,-18.86944
531, buxifolia A. Chev._531,46.44583,-23.42
532, millotii J.-F. Leroy_532,48.2925,-18.86611
533, heimii J.-F. Leroy_533,49.35305,-12.37361
534, rupicola A.P. Davis & Rakotonas._534,49.55,-13.22
535, leroyi A.P. Davis_535,49.301389,-14.325556
536, resinosa (Hook. f.) Radlk._536,47.700278,-23.178611
537, boiviniana (Baill.) Drake_537,49.554167,-13.208889
545, commersoniana (Baill.) A. Chev._545,47.001389,-24.9575
546, resinosa (Hook. f.) Radlk._546,49.70611,-16.76055
549, vohemarensis A.P. Davis & Rakotonas._549,49.810556,-13.593055
550, resinosa (Hook. f.) Radlk._550,47.724167,-23.170278
556, millotii J.-F. Leroy_556,49.861111,-14.401111
557, perrieri Drake ex Jum. & H. Perrier_557,44.272222,-22.853611
558, perrieri Drake ex Jum. & H. Perrier_558,44.263056,-22.845833
559, leroyi A.P. Davis_559,50.074722,-14.186667
560, canephora Pierre ex A. Froehner_560,50.133333,-14.621944
561, leroyi A.P. Davis_561,48.76777,-17.50694
562, buxifolia A. Chev._562,46.77527,-20.51194
565, resinosa (Hook. f.) Radlk._565,49.256667,-18.565556
566, resinosa (Hook. f.) Radlk._566,49.23388,-18.595
567, tsirananae J.-F. Leroy_567,49.35305,-12.37361
569, resinosa (Hook. f.) Radlk._569,49.405833,-17.688889
570, bissetiae A.P. Davis & Rakotonas._570,45.8,-16.05
571, richardii J.-F. Leroy_571,49.45833,-17.70305
572, humbertii J.-F. Leroy_572,43.625806,-23.250722
575, richardii J.-F. Leroy_575,50.016389,-14.101111
576, coursiana J.-F. Leroy_576,48.553056,-19.164722
577, microdubardii A.P. Davis & Rakotonas._577,49.56,-13.21
579, tsirananae J.-F. Leroy_579,49.218611,-12.165556
580, tetragona Jum. & H. Perrier_580,48.80222,-13.79638
581, microdubardii A.P. Davis & Rakotonas._581,49.56,-13.21
582, tsirananae J.-F. Leroy_582,49.218611,-12.165556
586, richardii J.-F. Leroy_586,49.318056,-17.913889
587, richardii J.-F. Leroy_587,49.21,-18.006389
588, richardii J.-F. Leroy_588,49.459444,-17.705556
593, dubardii Jum._593,49.174722,-12.482778
594, moratii J.-F. Leroy ex A.P. Davis & Rakotonas._594,44.559167,-18.121944
595, abbayesii J.-F. Leroy_595,46.45,-24.36666
596, homollei J.-F. Leroy_596,48.73111,-17.50388
597, richardii J.-F. Leroy_597,49.340278,-18.057222
598, resinosa (Hook. f.) Radlk._598,48.554167,-20.3725
599, sakarahae J.-F. Leroy_599,44.136667,-22.683333
601, richardii J.-F. Leroy_601,49.2425,-18.040833
602, perrieri Drake ex Jum. & H. Perrier_602,44.145556,-22.707778
603, grevei Drake ex A. Chev._603,44.483333,-20.166667
604, kalobinonensis A.P. Davis & Rakotonas._604,48.67,-13.65
608, tricalysioides J.-F. Leroy_608,49.153889,-12.6025
609, pervilleana (Baill.) Drake_609,44.561389,-18.117778
610, perrieri Drake ex Jum. & H. Perrier_610,44.472222,-17.939722
611, boiviniana (Baill.) Drake_611,49.2875,-12.899444
613, dubardii Jum._613,49.218333,-12.578889
614, tricalysioides J.-F. Leroy_614,49.152222,-12.583611
617, commersoniana (Baill.) A. Chev._617,46.86527,-25.05527
618, bissetiae A.P. Davis & Rakotonas._618,46.81,-16.33
619, moratii J.-F. Leroy ex A.P. Davis & Rakotonas._619,44.559167,-18.121944
620, perrieri Drake ex Jum. & H. Perrier_620,44.561944,-18.111389
625, vohemarensis A.P. Davis & Rakotonas._625,49.810556,-13.593055
626, richardii J.-F. Leroy_626,49.308889,-17.956667
627, richardii J.-F. Leroy_627,50.0,-14.1
628, toshii A.P. Davis & Rakotonas._628,46.955,-22.496667
629, heimii J.-F. Leroy_629,49.583333,-12.970278
630, richardii J.-F. Leroy_630,49.25666,-18.56555
632, sakarahae J.-F. Leroy_632,44.150278,-22.704444
633, sakarahae J.-F. Leroy_633,44.158889,-22.687222
635, toshii A.P. Davis & Rakotonas._635,46.955,-22.496667
636, mangoroensis Portères_636,48.424445,-18.925
637, mangoroensis Portères_637,48.428333,-18.950556
638, bonnieri Dubard_638,48.08,-13.75
639, arabica L._639,49.618889,-14.613056
640, sambavensis J.-F. Leroy ex A.P. Davis & Rakotonas._640,49.965833,-14.152778
641, boiviniana (Baill.) Drake_641,45.341667,-16.461111
644, humbertii J.-F. Leroy_644,43.625806,-23.250722
645, tricalysioides J.-F. Leroy_645,47.703333,-20.308333
647, rupicola A.P. Davis & Rakotonas._647,49.55,-13.22
648, bonnieri Dubard_648,48.08,-13.75
649, pustulata A.P. Davis & Rakotonas._649,49.603611,-13.240555
652, boiviniana (Baill.) Drake_652,49.544444,-12.673611
658, richardii J.-F. Leroy_658,49.318056,-17.913889
661, mangoroensis Portères_661,48.440556,-18.829722
662, mangoroensis Portères_662,48.421111,-18.937778
663, mangoroensis Portères_663,48.158056,-19.047778
664, mangoroensis Portères_664,48.443333,-18.9225
667, sakarahae J.-F. Leroy_667,45.096667,-21.095278
675, commersoniana (Baill.) A. Chev._675,46.890278,-25.0525
677, pervilleana (Baill.) Drake_677,44.315803,-18.033509
678, perrieri Drake ex Jum. & H. Perrier_678,,
679, tetragona Jum. & H. Perrier_679,44.324308,-18.035903
686, perrieri Drake ex Jum. & H. Perrier_686,44.156111,-22.718056
688, commersoniana (Baill.) A. Chev._688,47.021111,-24.941944
689, commersoniana (Baill.) A. Chev._689,46.993889,-24.974167
691, pervilleana (Baill.) Drake_691,44.301506,-18.015404
692, moratii J.-F. Leroy ex A.P. Davis & Rakotonas._692,44.324308,-18.035903
694, bissetiae A.P. Davis & Rakotonas._694,46.8,-16.32
695, bissetiae A.P. Davis & Rakotonas._695,46.8,-16.32
697, sakarahae J.-F. Leroy_697,44.136667,-22.683333
698, tsirananae J.-F. Leroy_698,49.3375,-12.323889
699, boinensis A.P. Davis & Rakotonas._699,46.8,-16.3
700, tricalysioides J.-F. Leroy_700,49.153889,-12.6025
702, tetragona Jum. & H. Perrier_702,44.507222,-18.047778
704, heimii J.-F. Leroy_704,49.583333,-12.970278
705, tetragona Jum. & H. Perrier_705,47.99,-13.77
706, microdubardii A.P. Davis & Rakotonas._706,49.61,-13.26
708, tricalysioides J.-F. Leroy_708,49.153889,-12.6025
709, pervilleana (Baill.) Drake_709,44.561389,-18.117778
710, tricalysioides J.-F. Leroy_710,49.152222,-12.583611
712, boiviniana (Baill.) Drake_712,49.2875,-12.899444
713, richardii J.-F. Leroy_713,49.3275,-17.965278
714, bertrandii A. Chev._714,46.674722,-25.122222
717, resinosa (Hook. f.) Radlk._717,48.4875,-20.73944
718, richardii J.-F. Leroy_718,49.43333,-17.7
719, richardii J.-F. Leroy_719,49.3275,-17.965278
720, mangoroensis Portères_720,48.445278,-18.953611
721, perrieri Drake ex Jum. & H. Perrier_721,46.673333,-24.798889
722, boiviniana (Baill.) Drake_722,45.341667,-16.461111
723, resinosa (Hook. f.) Radlk._723,47.70666,-23.1775
724, buxifolia A. Chev._724,47.00444,-20.06944
725, resinosa (Hook. f.) Radlk._725,47.70638,-23.17222
726, humbertii J.-F. Leroy_726,46.981111,-24.884722
727, mangoroensis Portères_727,48.27555,-18.86277
728, toshii A.P. Davis & Rakotonas._728,46.955,-22.496667
729, tetragona Jum. & H. Perrier_729,47.99,-13.77
730, richardii J.-F. Leroy_730,48.950556,-19.044722
733, bonnieri Dubard_733,48.08,-13.75
734, pustulata A.P. Davis & Rakotonas._734,49.603611,-13.240555
735, moratii J.-F. Leroy ex A.P. Davis & Rakotonas._735,44.537222,-18.086389
736, bonnieri Dubard_736,48.092222,-13.761667
737, mangoroensis Portères_737,48.29305,-18.875
738, liaudii J.-F. Leroy ex A.P. Davis_738,48.27777,-18.86777
741, mangoroensis Portères_741,48.34166,-18.7875
742, moratii J.-F. Leroy ex A.P. Davis & Rakotonas._742,44.529167,-18.077778
743, richardii J.-F. Leroy_743,50.007222,-14.100833
744, mangoroensis Portères_744,48.429722,-18.938333
745, mangoroensis Portères_745,48.34527,-18.82194
746, tsirananae J.-F. Leroy_746,49.21111,-12.17833
748, perrieri Drake ex Jum. & H. Perrier_748,44.287778,-22.820556
749, richardii J.-F. Leroy_749,50.03972,-14.10777
752, sakarahae J.-F. Leroy_752,45.169167,-21.251944
754, millotii J.-F. Leroy_754,49.45445,-17.704817
757, commersoniana (Baill.) A. Chev._757,46.993889,-24.974167
760, sambavensis J.-F. Leroy ex A.P. Davis & Rakotonas._760,50.00111,-13.59555
764, bissetiae A.P. Davis & Rakotonas._764,46.41,-16.71
765, heimii J.-F. Leroy_765,49.45611,-12.58472
766, mangoroensis Portères_766,48.29666,-18.8675
767, leroyi A.P. Davis_767,49.31111,-14.30166
770, resinosa (Hook. f.) Radlk._770,47.733333,-23.166667
771, mangoroensis Portères_771,48.30583,-18.87222
772, tsirananae J.-F. Leroy_772,49.35805,-12.35083
773, mangoroensis Portères_773,48.279445,-18.869167
774, callmanderi A.P. Davis & Rakotonas._774,48.67,-13.64
775, commersoniana (Baill.) A. Chev._775,47.02777,-24.94083
777, commersoniana (Baill.) A. Chev._777,46.890278,-25.0525
778, perrieri Drake ex Jum. & H. Perrier_778,44.288056,-22.820833
781, resinosa (Hook. f.) Radlk._781,47.700278,-23.178611
782, resinosa (Hook. f.) Radlk._782,47.753611,-23.089722
783, jumellei J.-F. Leroy_783,49.17361,-12.52388
784, liaudii J.-F. Leroy ex A.P. Davis_784,48.28388,-18.84583
785, resinosa (Hook. f.) Radlk._785,48.43388,-20.95027
786, perrieri Drake ex Jum. & H. Perrier_786,46.673333,-24.798889
787, buxifolia A. Chev._787,47.004722,-20.089167
788, bissetiae A.P. Davis & Rakotonas._788,45.8,-16.05
789, ratsimamangae J.-F. Leroy ex A.P. Davis & Rakotonas._789,49.355,-12.343889
790, dubardii Jum._790,49.10972,-12.90888
791, resinosa (Hook. f.) Radlk._791,48.48527,-20.76222
792, sakarahae J.-F. Leroy_792,46.726945,-24.777222
793, tricalysioides J.-F. Leroy_793,49.12972,-14.21888
794, pustulata A.P. Davis & Rakotonas._794,49.606667,-13.258056
795, boiviniana (Baill.) Drake_795,49.554167,-13.208889
797, humbertii J.-F. Leroy_797,43.714444,-23.002222
798, mogenetii Dubard_798,49.06583,-14.22194
799, liaudii J.-F. Leroy ex A.P. Davis_799,48.27555,-18.86277
800, mangoroensis Portères_800,48.27805,-18.87277
801, coursiana J.-F. Leroy_801,49.389722,-13.737222
802, liaudii J.-F. Leroy ex A.P. Davis_802,48.271389,-18.859444
804, dubardii Jum._804,44.732222,-16.931667
805, sambavensis J.-F. Leroy ex A.P. Davis & Rakotonas._805,47.06666,-24.83333
807, perrieri Drake ex Jum. & H. Perrier_807,46.109722,-24.310833
809, perrieri Drake ex Jum. & H. Perrier_809,46.15777,-24.33638
810, sambavensis J.-F. Leroy ex A.P. Davis & Rakotonas._810,50.09027,-13.71277
811, resinosa (Hook. f.) Radlk._811,48.482222,-20.801944
816, resinosa (Hook. f.) Radlk._816,48.605833,-20.359444
822, leroyi A.P. Davis_822,48.72222,-17.54222
823, perrieri Drake ex Jum. & H. Perrier_823,44.272222,-22.853611
824, leroyi A.P. Davis_824,48.72222,-17.54222
826, perrieri Drake ex Jum. & H. Perrier_826,44.263056,-22.845833
831, tricalysioides J.-F. Leroy_831,47.703333,-20.308333
832, homollei J.-F. Leroy_832,48.73111,-17.50388
833, leroyi A.P. Davis_833,48.76777,-17.50694
837, liaudii J.-F. Leroy ex A.P. Davis_837,47.023333,-17.837778
839, perrieri Drake ex Jum. & H. Perrier_839,46.145833,-24.303611
844, millotii J.-F. Leroy_844,49.786667,-16.4525
847, richardii J.-F. Leroy_847,49.21,-18.006389
850, richardii J.-F. Leroy_850,49.21,-18.006389
854, dubardii Jum._854,49.174722,-12.482778
855, pervilleana (Baill.) Drake_855,44.561389,-18.117778
856, moratii J.-F. Leroy ex A.P. Davis & Rakotonas._856,44.559167,-18.121944
857, perrieri Drake ex Jum. & H. Perrier_857,44.472222,-17.939722
859, dubardii Jum._859,49.174722,-12.482778
860, moratii J.-F. Leroy ex A.P. Davis & Rakotonas._860,44.559167,-18.121944
864, richardii J.-F. Leroy_864,49.318056,-17.913889
865, tricalysioides J.-F. Leroy_865,49.153889,-12.6025
869, tsirananae J.-F. Leroy_869,49.3375,-12.323889
870, boinensis A.P. Davis & Rakotonas._870,46.8,-16.3
874, bissetiae A.P. Davis & Rakotonas._874,46.81,-16.33
876, dubardii Jum._876,49.174722,-12.482778
878, pervilleana (Baill.) Drake_878,44.561389,-18.117778
879, tricalysioides J.-F. Leroy_879,49.152222,-12.583611
884, richardii J.-F. Leroy_884,49.3275,-17.965278
885, millotii J.-F. Leroy_885,48.556111,-19.158611
886, dubardii Jum._886,49.1725,-12.487778
887, dubardii Jum._887,49.218333,-12.578889
888, perrieri Drake ex Jum. & H. Perrier_888,44.561944,-18.111389
889, richardii J.-F. Leroy_889,49.340278,-18.057222
890, richardii J.-F. Leroy_890,50.0,-14.1
891, toshii A.P. Davis & Rakotonas._891,46.955,-22.496667
892, perrieri Drake ex Jum. & H. Perrier_892,44.156111,-22.718056
894, perrieri Drake ex Jum. & H. Perrier_894,44.145556,-22.707778
896, toshii A.P. Davis & Rakotonas._896,46.955,-22.496667
897, sakarahae J.-F. Leroy_897,44.158889,-22.687222
898, grevei Drake ex A. Chev._898,44.483333,-20.166667
899, millotii J.-F. Leroy_899,48.556111,-19.158611
900, dubardii Jum._900,49.1725,-12.487778
901, dubardii Jum._901,49.218333,-12.578889
902, richardii J.-F. Leroy_902,50.0,-14.1
903, perrieri Drake ex Jum. & H. Perrier_903,44.561944,-18.111389
904, tricalysioides J.-F. Leroy_904,49.152222,-12.583611
907, richardii J.-F. Leroy_907,49.308889,-17.956667
909, tetragona Jum. & H. Perrier_909,47.99,-13.77
910, mogenetii Dubard_910,49.765833,-13.219722
911, rupicola A.P. Davis & Rakotonas._911,49.55,-13.22
912, microdubardii A.P. Davis & Rakotonas._912,49.61,-13.26
913, mangoroensis Portères_913,48.429445,-18.930556
914, heimii J.-F. Leroy_914,49.583333,-12.970278
915, tetragona Jum. & H. Perrier_915,47.99,-13.77
916, bonnieri Dubard_916,48.08,-13.75
918, bonnieri Dubard_918,48.08,-13.75
919, pustulata A.P. Davis & Rakotonas._919,49.603611,-13.240555
920, microdubardii A.P. Davis & Rakotonas._920,49.61,-13.26
921, bonnieri Dubard_921,48.08,-13.75
922, rupicola A.P. Davis & Rakotonas._922,49.55,-13.22
923, jumellei J.-F. Leroy_923,44.146944,-22.655278
924, abbayesii J.-F. Leroy_924,47.136111,-24.842778
930, mangoroensis Portères_930,48.437222,-18.832778
931, richardii J.-F. Leroy_931,49.990556,-14.112778
933, mangoroensis Portères_933,48.421111,-18.937778
940, commersoniana (Baill.) A. Chev._940,46.993889,-24.974167
944, boiviniana (Baill.) Drake_944,45.341667,-16.461111
945, sakarahae J.-F. Leroy_945,44.137222,-22.701667
946, sambavensis J.-F. Leroy ex A.P. Davis & Rakotonas._946,48.5825,-19.165
947, abbayesii J.-F. Leroy_947,47.166111,-24.796389
949, richardii J.-F. Leroy_949,48.950556,-19.044722
952, mangoroensis Portères_952,48.280278,-18.854722
955, buxifolia A. Chev._955,47.808611,-19.270833
956, richardii J.-F. Leroy_956,48.950556,-19.044722
961, tetragona Jum. & H. Perrier_961,44.315803,-18.033509
965, moratii J.-F. Leroy ex A.P. Davis & Rakotonas._965,44.315803,-18.033509
966, perrieri Drake ex Jum. & H. Perrier_966,44.324103,-18.035903
967, pervilleana (Baill.) Drake_967,44.2843,-17.543506
970, mangoroensis Portères_970,48.290556,-18.85
973, perrieri Drake ex Jum. & H. Perrier_973,,
974, pervilleana (Baill.) Drake_974,44.324308,-18.035903
975, perrieri Drake ex Jum. & H. Perrier_975,44.287778,-22.820556
977, commersoniana (Baill.) A. Chev._977,47.021111,-24.941944
978, commersoniana (Baill.) A. Chev._978,47.001389,-24.9575
979, richardii J.-F. Leroy_979,50.041667,-14.101389
981, tricalysioides J.-F. Leroy_981,47.0975,-24.511111
984, mangoroensis Portères_984,48.279445,-18.846944
985, richardii J.-F. Leroy_985,49.25027,-18.55944
986, richardii J.-F. Leroy_986,49.25611,-18.56527
987, mangoroensis Portères_987,48.26833,-18.84194
988, mangoroensis Portères_988,48.35694,-18.83527
989, mangoroensis Portères_989,48.29638,-18.80138
990, mangoroensis Portères_990,48.27222,-18.89055
991, liaudii J.-F. Leroy ex A.P. Davis_991,48.26916,-18.85722
994, grevei Drake ex A. Chev._994,43.565278,-22.876944
995, bonnieri Dubard_995,48.092222,-13.761667
997, richardii J.-F. Leroy_997,49.43333,-17.7
998, bonnieri Dubard_998,48.092222,-13.761667
1000, liaudii J.-F. Leroy ex A.P. Davis_1000,48.271389,-18.859444
1001, bonnieri Dubard_1001,48.092222,-13.761667
1002, mangoroensis Portères_1002,48.27583,-18.84027
1005, commersoniana (Baill.) A. Chev._1005,46.868333,-25.061944
1009, tricalysioides J.-F. Leroy_1009,49.352222,-15.136111
1010, resinosa (Hook. f.) Radlk._1010,47.683333,-23.183333
1011, tsirananae J.-F. Leroy_1011,49.21111,-12.17833
1013, coursiana J.-F. Leroy_1013,49.389722,-13.737222
1014, tsirananae J.-F. Leroy_1014,49.35805,-12.35083
1018, dubardii Jum._1018,44.749167,-16.958611
1019, kalobinonensis A.P. Davis & Rakotonas._1019,48.67,-13.65
1020, pervilleana (Baill.) Drake_1020,49.36583,-12.37888
1021, callmanderi A.P. Davis & Rakotonas._1021,48.67,-13.64
1022, heimii J.-F. Leroy_1022,49.35305,-12.37361
1023, pervilleana (Baill.) Drake_1023,49.36583,-12.37888
1024, bissetiae A.P. Davis & Rakotonas._1024,46.41,-16.71
1025, heimii J.-F. Leroy_1025,49.45611,-12.58472
1026, liaudii J.-F. Leroy ex A.P. Davis_1026,48.28388,-18.84583
1028, homollei_1028,48.731111,-17.503889
1029, sakarahae J.-F. Leroy_1029,44.158889,-22.687222
1030, sambavensis J.-F. Leroy ex A.P. Davis & Rakotonas._1030,49.965833,-14.152778
1031, humbertii J.-F. Leroy_1031,43.625806,-23.250722
1032, commersoniana (Baill.) A. Chev._1032,46.993889,-24.974167
1034, commersoniana (Baill.) A. Chev._1034,47.001944,-24.944167
1035, perrieri Drake ex Jum. & H. Perrier_1035,46.673333,-24.798889
1036, mangoroensis Portères_1036,48.421111,-18.937778
1037, toshii A.P. Davis & Rakotonas._1037,46.955,-22.496667
1039, mangoroensis Portères_1039,48.29638,-18.80138
1040, moratii J.-F. Leroy ex A.P. Davis & Rakotonas._1040,44.537222,-18.086389
1041, tricalysioides J.-F. Leroy_1041,47.703333,-20.308333
1042, abbayesii J.-F. Leroy_1042,47.166111,-24.796389
1043, mangoroensis Portères_1043,48.26833,-18.84194
1044, liaudii J.-F. Leroy ex A.P. Davis_1044,48.271389,-18.859444
1045, sakarahae J.-F. Leroy_1045,45.096667,-21.095278
1046, resinosa (Hook. f.) Radlk._1046,47.683333,-23.183333
1047, tsirananae J.-F. Leroy_1047,49.21111,-12.17833
1048, commersoniana (Baill.) A. Chev._1048,46.890278,-25.0525
1049, humbertii J.-F. Leroy_1049,46.981111,-24.884722
1050, heimii J.-F. Leroy_1050,49.45611,-12.58472
1051, mangoroensis Portères_1051,48.279445,-18.869167
1053, pervilleana (Baill.) Drake_1053,49.36583,-12.37888
1054, sakarahae J.-F. Leroy_1054,46.726945,-24.777222
1055, mangoroensis Portères_1055,48.34166,-18.7875
1056, resinosa (Hook. f.) Radlk._1056,47.753611,-23.089722
1057, grevei Drake ex A. Chev._1057,43.565278,-22.876944
1058, mangoroensis Portères_1058,48.443333,-18.9225
1059, mangoroensis Portères_1059,48.30583,-18.87222
1060, liaudii J.-F. Leroy ex A.P. Davis_1060,48.27777,-18.86777
1062, abbayesii J.-F. Leroy_1062,47.136111,-24.842778
1063, resinosa (Hook. f.) Radlk._1063,47.733333,-23.166667
1065, millotii J.-F. Leroy_1065,49.98194,-15.62083
1067, liaudii J.-F. Leroy ex A.P. Davis_1067,48.28388,-18.84583
1068, bertrandii A. Chev._1068,46.674722,-25.122222
1069, ratsimamangae J.-F. Leroy ex A.P. Davis & Rakotonas._1069,49.355,-12.343889
1070, jumellei J.-F. Leroy_1070,49.17361,-12.52388
1071, tricalysioides J.-F. Leroy_1071,49.12972,-14.21888
1072, richardii J.-F. Leroy_1072,49.45833,-17.70305
1073, perrieri Drake ex Jum. & H. Perrier_1073,46.109722,-24.310833
1074, mangoroensis Portères_1074,48.27555,-18.86305
1075, perrieri Drake ex Jum. & H. Perrier_1075,46.15777,-24.33638
1076, mangoroensis Portères_1076,48.34527,-18.82194
1077, sambavensis J.-F. Leroy ex A.P. Davis & Rakotonas._1077,50.09027,-13.71277
1079, perrieri Drake ex Jum. & H. Perrier_1079,45.365556,-21.188611
1080, liaudii J.-F. Leroy ex A.P. Davis_1080,47.023333,-17.837778
1084, dubardii Jum._1084,49.133333,-12.566667
1088, bissetiae A.P. Davis & Rakotonas._1088,45.8,-16.05
1089, microdubardii A.P. Davis & Rakotonas._1089,49.56,-13.21
1090, buxifolia A. Chev._1090,46.44583,-23.42
1091, perrieri Drake ex Jum. & H. Perrier_1091,44.263056,-22.845833
1093, abbayesii J.-F. Leroy_1093,46.45,-24.36666
1094, resinosa (Hook. f.) Radlk._1094,48.554167,-20.3725
1095, perrieri Drake ex Jum. & H. Perrier_1095,44.156111,-22.718056
1096, perrieri Drake ex Jum. & H. Perrier_1096,46.145833,-24.303611
1097, richardii J.-F. Leroy_1097,50.0,-14.1
1098, tetragona Jum. & H. Perrier_1098,47.99,-13.77
1099, leroyi A.P. Davis_1099,48.76777,-17.50694
1100, richardii J.-F. Leroy_1100,49.459444,-17.705556
1101, richardii J.-F. Leroy_1101,49.2425,-18.040833
1102, leroyi A.P. Davis_1102,48.72222,-17.54222
1104, tetragona Jum. & H. Perrier_1104,44.507222,-18.047778
1105, resinosa (Hook. f.) Radlk._1105,47.701944,-23.175278
1107, sakarahae J.-F. Leroy_1107,44.150278,-22.704444
1108, mangoroensis Portères_1108,48.290556,-18.85
1110, richardii J.-F. Leroy_1110,48.950556,-19.044722
1111, commersoniana (Baill.) A. Chev._1111,47.021111,-24.941944
1114, tricalysioides J.-F. Leroy_1114,47.0975,-24.511111
1115, bonnieri Dubard_1115,48.08,-13.75
1116, mangoroensis Portères_1116,48.425278,-18.804167
1117, mangoroensis Portères_1117,48.421111,-18.937778
1118, sambavensis J.-F. Leroy ex A.P. Davis & Rakotonas._1118,48.5825,-19.165
1119, richardii J.-F. Leroy_1119,49.990556,-14.112778
1120, darainensis A.P. Davis & Rakotonas._1120,49.66,-12.91
1121, mangoroensis Portères_1121,48.437222,-18.832778
1123, perrieri Drake ex Jum. & H. Perrier_1123,44.145556,-22.707778
1124, coursiana J.-F. Leroy_1124,49.389722,-13.737222
1125, canephora Pierre ex A. Froehner_1125,50.133333,-14.621944
1126, leroyi A.P. Davis_1126,50.074722,-14.186667
1130, perrieri Drake ex Jum. & H. Perrier_1130,44.288056,-22.820833
1131, tricalysioides J.-F. Leroy_1131,49.153889,-12.6025
1132, dubardii Jum._1132,44.749167,-16.958611
1134, richardii J.-F. Leroy_1134,49.21,-18.006389
1137, richardii J.-F. Leroy_1137,49.318056,-17.913889
1138, dubardii Jum._1138,49.174722,-12.482778
1139, moratii J.-F. Leroy ex A.P. Davis & Rakotonas._1139,44.559167,-18.121944
1140, perrieri Drake ex Jum. & H. Perrier_1140,44.287778,-22.820556
1141, grevei Drake ex A. Chev._1141,44.483333,-20.166667
1142, dubardii Jum._1142,49.1725,-12.487778
1143, dubardii Jum._1143,49.218333,-12.578889
1144, buxifolia A. Chev._1144,47.004722,-20.089167
1145, microdubardii A.P. Davis & Rakotonas._1145,49.61,-13.26
1146, richardii J.-F. Leroy_1146,49.308889,-17.956667
1147, richardii J.-F. Leroy_1147,49.340278,-18.057222
1148, sakarahae J.-F. Leroy_1148,44.154167,-22.705833
1149, pervilleana (Baill.) Drake_1149,44.561389,-18.117778
1150, perrieri Drake ex Jum. & H. Perrier_1150,44.561944,-18.111389
1151, rupicola A.P. Davis & Rakotonas._1151,49.55,-13.22
1152, sambavensis J.-F. Leroy ex A.P. Davis & Rakotonas._1152,47.06666,-24.83333
1153, sakarahae J.-F. Leroy_1153,44.137222,-22.701667
1154, pustulata A.P. Davis & Rakotonas._1154,49.5575,-13.210167
1155, arabica L._1155,49.618889,-14.613056
1156, mangoroensis Portères_1156,48.34333,-18.79694
1157, mangoroensis Portères_1157,48.34305,-18.82333
1158, commersoniana (Baill.) A. Chev._1158,46.868333,-25.061944
1159, richardii J.-F. Leroy_1159,50.007222,-14.100833
1160, moratii J.-F. Leroy ex A.P. Davis & Rakotonas._1160,44.529167,-18.077778
1161, mangoroensis Portères_1161,48.440556,-18.829722
1162, mangoroensis Portères_1162,48.445278,-18.953611
1163, mangoroensis Portères_1163,48.158056,-19.047778
1164, mangoroensis Portères_1164,48.280278,-18.854722
1165, mangoroensis Portères_1165,48.429722,-18.938333
1166, boiviniana (Baill.) Drake_1166,45.341667,-16.461111
1167, mangoroensis Portères_1167,48.424445,-18.925
1168, mangoroensis Portères_1168,48.4175,-18.941111
1169, mangoroensis Portères_1169,48.425278,-18.790833
1170, mangoroensis Portères_1170,48.803056,-18.401389
1171, mangoroensis Portères_1171,48.803056,-18.401389
1172, abbayesii J.-F. Leroy_1172,47.136667,-24.835833
1173, tsirananae J.-F. Leroy_1173,49.35305,-12.37361
1174, jumellei J.-F. Leroy_1174,44.146944,-22.655278
1175, sakarahae J.-F. Leroy_1175,45.169167,-21.251944
1178, millotii J.-F. Leroy_1178,49.861111,-14.401111
1180, resinosa (Hook. f.) Radlk._1180,47.700278,-23.178611
1181, richardii J.-F. Leroy_1181,50.041667,-14.101389
1182, buxifolia A. Chev._1182,47.808611,-19.270833
1183, tsirananae J.-F. Leroy_1183,49.218611,-12.165556
1184, millotii J.-F. Leroy_1184,48.2925,-18.86611
1185, mangoroensis Portères_1185,48.279445,-18.846944
1188, boiviniana (Baill.) Drake_1188,49.554167,-13.208889
1189, bonnieri Dubard_1189,48.092222,-13.761667
1190, mangoroensis Portères_1190,48.27222,-18.89055
1191, liaudii J.-F. Leroy ex A.P. Davis_1191,48.26916,-18.85722
1194, richardii J.-F. Leroy_1194,48.9525,-18.824722
1196, mangoroensis Portères_1196,48.27583,-18.86861
1197, mangoroensis Portères_1197,48.27555,-18.86277
1199, mangoroensis Portères_1199,48.27583,-18.84027
1201, liaudii J.-F. Leroy ex A.P. Davis_1201,48.27555,-18.86277
1202, mangoroensis Portères_1202,48.34055,-18.78694
1204, mangoroensis Portères_1204,48.284722,-18.818333
1205, richardii J.-F. Leroy_1205,50.03972,-14.10777
1206, kalobinonensis A.P. Davis & Rakotonas._1206,48.67,-13.65
1207, mangoroensis Portères_1207,48.34055,-18.79416
1208, richardii J.-F. Leroy_1208,49.43333,-17.7
1209, tricalysioides J.-F. Leroy_1209,49.352222,-15.136111
1210, tsirananae J.-F. Leroy_1210,49.35805,-12.35083
1211, dubardii Jum._1211,44.732222,-16.931667
1212, callmanderi A.P. Davis & Rakotonas._1212,48.67,-13.64
1213, mangoroensis Portères_1213,48.29666,-18.8675
1214, leroyi A.P. Davis_1214,49.31111,-14.30166
1215, homollei J.-F. Leroy_1215,48.73111,-17.50388
1216, bissetiae A.P. Davis & Rakotonas._1216,46.41,-16.71
1217, leroyi A.P. Davis_1217,49.28583,-14.33666
1218, liaudii J.-F. Leroy ex A.P. Davis_1218,48.271945,-18.860556
1219, heimii J.-F. Leroy_1219,49.35305,-12.37361
1220, leroyi A.P. Davis_1220,49.301389,-14.325556
1221, dubardii Jum._1221,49.10972,-12.90888
1222, humbertii J.-F. Leroy_1222,43.714444,-23.002222
1224, tricalysioides J.-F. Leroy_1224,49.43333,-14.23333
1227, mangoroensis Portères_1227,48.28944,-18.84527
1229, millotii J.-F. Leroy_1229,48.31888,-18.86944
1232, mogenetii Dubard_1232,49.06583,-14.22194
1236, commersoniana (Baill.) A. Chev._1236,46.86527,-25.05527
1237, resinosa (Hook. f.) Radlk._1237,48.482222,-20.801944
1238, resinosa (Hook. f.) Radlk._1238,47.724167,-23.170278
1239, resinosa (Hook. f.) Radlk._1239,48.605833,-20.359444
1240, sambavensis J.-F. Leroy ex A.P. Davis & Rakotonas._1240,50.09972,-13.72055
1243, resinosa (Hook. f.) Radlk._1243,49.256667,-18.565556
1245, resinosa (Hook. f.) Radlk._1245,49.23388,-18.595
1246, richardii J.-F. Leroy_1246,49.25666,-18.56555
1247, resinosa (Hook. f.) Radlk._1247,49.70611,-16.76055
1248, resinosa (Hook. f.) Radlk._1248,49.70972,-16.76111
1250, sambavensis J.-F. Leroy ex A.P. Davis & Rakotonas._1250,50.09777,-13.71805
1269, tricalysioides J.-F. Leroy_1269,49.152222,-12.583611
1274, millotii J.-F. Leroy_1274,49.786667,-16.4525
1275, resinosa (Hook. f.) Radlk._1275,49.405833,-17.688889
1276, richardii J.-F. Leroy_1276,50.016389,-14.101111
1277, coursiana J.-F. Leroy_1277,48.553056,-19.164722
1279, millotii J.-F. Leroy_1279,49.198056,-18.036111
1286, sakarahae J.-F. Leroy_1286,44.136667,-22.683333
1290, millotii J.-F. Leroy_1290,48.556111,-19.158611
1292, richardii J.-F. Leroy_1292,49.3275,-17.965278
1293, resinosa (Hook. f.) Radlk._1293,49.678333,-16.765833
1294, heimii J.-F. Leroy_1294,49.583333,-12.970278
1295, mangoroensis Portères_1295,48.428333,-18.950556
1296, pustulata A.P. Davis & Rakotonas._1296,49.603611,-13.240555
1297, tricalysioides_1297,48.980573,-14.131205
1298, perrieri Drake ex Jum. & H. Perrier_1298,46.109722,-24.310833
1299, perrieri Drake ex Jum. & H. Perrier_1299,46.145833,-24.303611
1300, perrieri Drake ex Jum. & H. Perrier_1300,45.365556,-21.188611
1301, millotii J.-F. Leroy_1301,49.786667,-16.4525
1302, leroyi A.P. Davis_1302,50.074722,-14.186667
1303, humbertii J.-F. Leroy_1303,43.625806,-23.250722
1304, humbertii J.-F. Leroy_1304,,
1305, tricalysioides J.-F. Leroy_1305,47.703333,-20.308333
1306, canephora Pierre ex A. Froehner_1306,50.133333,-14.621944
1307, perrieri_1307,45.989986,-17.052635
1308, humbertii J.-F.Leroy_1308,,
1309, humbertii J.-F.Leroy_1309,,
1310, ratsimamangae J.-F.Leroy ex A.P.Davis & Rakotonas._1310,,
1311, perrieri_1311,45.985053,-17.067958
1312, boiviniana (Baill.) Drake_1312,49.35,-12.33
1313, grevei_1313,44.348875,-23.874729
1314, boiviniana_1314,49.39833,-12.388317
1315, decaryana_1315,49.16667,-12.95
1316, dubardii_1316,49.16667,-12.95
1317, dubardii_1317,49.16667,-12.95
1318, mogenetii_1318,49.16667,-12.51667
1319, bissetiae_1319,46.820657,-16.234735
1320, boinensis_1320,46.778291,-16.139983
1321, tsirananae_1321,49.371244,-12.226533
1322, heimii_1322,49.263119,-12.279828
1323, boiviniana_1323,47.348442,-16.02418
1324, bissetiae_1324,46.474407,-15.428146
1328, tsirananae_1328,47.863972,-21.382389
1329, tsirananae_1329,,
1331, tricalysioides_1331,47.867944,-21.374861
1334, sambavensis_1334,,
1336, sambavensis_1336,47.867861,-21.377889
1337, sambavensis_1337,50.090278,-13.712778
1338, resinosa_1338,49.681278,-16.867389
1342, ratsimamangae_1342,,
1347, pervilleana_1347,,
1349, perrieri_1349,47.863972,-21.382389
1354, minutiflora_1354,47.867861,-21.377889
1356, farafanganensis_1356,,
1359, eugenioides_1359,47.863972,-21.382389
1364, dubardii_1364,,
1372, heimii_1372,47.863972,-21.382389
1376, jumellei_1376,47.863972,-21.382389
1378, homollei_1378,47.863972,-21.382389
1382, homollei_1382,47.863972,-21.382389
1383, dubardii_1383,47.863972,-21.382389
1386, arenesiana_1386,,
1387, arenesiana_1387,,
1388, arenesiana_1388,,
1389, arenesiana_1389,47.863972,-21.382389
1393, ankaranensis_1393,47.863972,-21.382389
1395,_1395,,
1396, vohemarensis_1396,47.867861,-21.377889
1397, vianneyi_1397,47.863972,-21.382389
1398, vianneyi_1398,47.867861,-21.377889
1401, sambavensis_1401,50.099889,-13.720722
1402, sambavensis_1402,,
1406, sambavensis_1406,47.863972,-21.382389
1408, sakarahae_1408,47.863972,-21.382389
1413, sahafaryensis_1413,47.863972,-21.382389
1420, tetragona_1420,47.863972,-21.382389
1422, richardii_1422,47.863972,-21.382389
1423, richardii_1423,47.872778,-21.385167
1424, richardii_1424,,
1428, richardii_1428,49.256667,-18.565556
1434, resinosa_1434,48.605833,-20.359444
1435, resinosa_1435,47.727056,-23.013667
1436, sambavensis_1436,50.097778,-13.718056
1440, minutiflora_1440,,
1441, minutiflora_1441,47.863972,-21.382389
1442, resinosa_1442,48.482222,-20.801944
1443, resinosa_1443,49.234,-18.595139
1445, millotii_1445,47.867861,-21.377889
1446, millotii_1446,,
1447, millotii_1447,47.867861,-21.377889
1448, millotii_1448,47.867861,-21.377889
1449, millotii_1449,47.863972,-21.382389
1450, millotii_1450,47.863972,-21.382389
1451, millotii_1451,47.863972,-21.382389
1452, millotii_1452,47.863972,-21.382389
1460, resinosa_1460,48.554167,-20.3725
1467, mangoroensis_1467,47.871056,-21.377389
1477, lancifolia_1477,47.863972,-21.382389
1478, humbertii_1478,44.681028,-22.878083
1479, perrieri_1479,47.863972,-21.382389
1484, resinosa_1484,49.706111,-16.760556
1487, humbertii_1487,44.681028,-22.878083
1492, millotii_1492,,
1518, farafanganensis_1518,47.866667,-21.385167
1519, farafanganensis_1519,47.863972,-21.382389
1520, farafanganensis_1520,,
1523, coursiana_1523,47.863972,-21.382389
1524, coursiana_1524,,
1546, bonnieri_1546,,
1547, bonnieri_1547,47.863972,-21.382389
1548,_1548,,
1551, bertrandii_1551,47.87025,-21.377056
1555, augagneuri_1555,47.863972,-21.382389
1556, augagneuri_1556,,
1559, boiviniana_1559,47.863972,-21.382389
1561, abbayesii_1561,,
1562, abbayesii_1562,47.867861,-21.377889
1570, abbayesii_1570,47.863972,-21.382389
1571, boiviniana_1571,45.883351,-17.069855
1572, sakarahae J.-F.Leroy_1572,44.13667,-22.68333
1573, perrieri_1573,45.989,-17.06269
1574, boiviniana_1574,45.893891,-17.154961
1577, callmanderi A.P. Davis & Rakotonas._1577,,
1578, liaudii J.-F. Leroy ex A.P. Davis_1578,47.023333,-17.837778
1579, bissetiae_1579,47.709321,-14.999613
1580, boiviniana_1580,47.241667,-16.021247
1581, boiviniana_1581,47.300588,-16.090702
1582, resinosa (Hook.f.) Radlk._1582,,
1583, boiviniana (Baill.) Drake_1583,,
1584, mcphersonii_1584,49.351671,-12.388863
1585, heimii_1585,49.347115,-12.210881
1586, tsirananae_1586,49.251716,-12.382886
1587, boiviniana_1587,49.201458,-12.208129
1588, bissetiae_1588,46.402183,-15.404856
1589, commersoniana_1589,46.960229,-25.168437
1590, tsirananae_1590,49.266346,-12.314212
1591, tsirananae_1591,49.355849,-12.251702
1592, heimii_1592,49.303872,-12.318289
1593, tsirananae_1593,49.281018,-12.403209
1594, heimii_1594,49.226443,-12.281807
1595, tsirananae_1595,49.297935,-12.30587
1597, tsirananae_1597,49.219958,-12.50737
1598, bissetiae_1598,47.495654,-15.767105
1599, boiviniana_1599,49.349672,-12.917028
1600, resinosa (Hook. f.) Radlk._1600,49.405833,-17.688889
1601, perrieri_1601,47.781762,-14.79531
1602, richardii J.-F. Leroy_1602,50.016389,-14.101111
1603, coursiana J.-F. Leroy_1603,48.553056,-19.164722
1606, dubardii Jum._1606,49.13,-12.57
1607, bonnieri Dubard_1607,48.09,-13.76
1608, grevei Drake ex A. Chev._1608,44.68,-22.83
1609, grevei Drake ex A. Chev._1609,44.83,-22.68
1610, humbertii J.-F. Leroy_1610,44.68,-22.83
1611, commersoniana (Baill.) A. Chev._1611,46.859733,-25.065583
1612, grevei Drake ex A. Chev._1612,44.67,-20.07
1613, humbertii J.-F. Leroy_1613,44.68,-22.88
1614, grevei Drake ex A. Chev._1614,44.67,-20.07
1615, resinosa (Hook. f.) Radlk._1615,47.77,-23.04
1616, pterocarpa A. P. Davis & Rakotonas._1616,44.47,-17.89
1617, pervilleana (Baill.) Drake_1617,44.516667,-18.061111
1618, moratii J.-F. Leroy ex A.P. Davis & Rakotonas._1618,,
1619, tetragona Jum. & H. Perrier_1619,44.516667,-18.061111
1620, perrieri Drake ex Jum. & H. Perrier_1620,44.516667,-18.027778
1621, mcphersonii A.P. Davis & Rakotonas._1621,,
1622, moratii J.-F. Leroy ex A.P. Davis & Rakotonas._1622,,
1623, tsirananae_1623,49.340235,-12.302029
1624, tsirananae_1624,49.322727,-12.338667
1625, heimii_1625,49.3425,-12.396327
1626, heimii_1626,49.2757,-12.398991
1627, buxifolia_1627,46.557159,-20.616193
1628, millotii J.-F. Leroy_1628,47.9425,-21.406944
1629, millotii J.-F. Leroy_1629,47.941111,-21.402778
1630, farafanganensis  J.-F. Leroy_1630,,
1631, lancifolia A. Chev._1631,,
1632, resinosa (Hook. f.) Radlk._1632,47.699444,-23.175556
1633, bertrandii A. Chev._1633,,
1634, ambodirianaensis Portères_1634,47.868333,-21.375278
1635, kianjavatensis J.-F. Leroy_1635,,
1636, tetragona Jum. & H. Perrier_1636,47.8675,-21.374722
1637, mangoroensis Portères_1637,47.871111,-21.3775
1638, heimii J.-F. Leroy_1638,,
1639, farafanganensis  J.-F. Leroy_1639,,
1640, kianjavatensis J.-F. Leroy_1640,,
1641, bissetiae A.P.Davis & Rakotonas._1641,46.40694,-16.71056
1650, tricalysioides J.-F.Leroy_1650,49.16667,-12.56667
1654, tricalysioides J.-F.Leroy_1654,49.15361,-12.6025
1657, toshii A.P.Davis & Rakotonas._1657,46.89194,-22.47333
1664, tetragona Jum. & H.Perrier_1664,47.99889,-13.77222
1685, resinosa (Hook.f.) Radlk._1685,48.60583,-20.35944
1703, tricalysioides J.-F.Leroy_1703,49.15361,-12.6025
1722, dubardii Jum._1722,47.8675,-21.375833
1723, leroyi A. P. Davis_1723,47.867778,-21.375
1724, humboltiana Baill._1724,,
1725, bonnieri Dubard_1725,,
1726, ambodirianaensis Portères_1726,47.867222,-21.376389
1727, vianneyi J.-F. Leroy_1727,,
1728, pervilleana (Baill.) Drake_1728,47.8675,-21.376389
1729, augagneurii Dubard_1729,,
1730, richardii J.-F. Leroy_1730,47.8675,-21.376389
1731, tsaratanensis J.-F. Leroy_1731,47.867778,-21.375
1732, arenesiana J.-F. Leroy_1732,,
1733, jumellei J.-F. Leroy_1733,,
1734, tsirananae J.-F. Leroy_1734,,
1735, perrieri Drake ex Jum. & H. Perrier_1735,47.867222,-21.376389
1736, abbayesii J.-F. Leroy_1736,,
1737, perrieri Drake ex Jum. & H. Perrier_1737,47.867222,-21.376389
1738, resinosa (Hook. f.) Radlk._1738,47.8675,-21.375833
1739, homollei J.-F. Leroy_1739,,
1740, millotii J.-F. Leroy_1740,47.8675,-21.375833
1741, boiviniana (Baill.) Drake_1741,47.867778,-21.376389
1742, ankaranensis J.-F. Leroy ex A. P. Davis & Rakotonas._1742,,
1744, tsirananae_1744,49.322106,-12.239535
1745, arabica_1745,47.526778,-18.930902
1746, resinosa (Hook. f.) Radlk._1746,47.771282,-23.045858
1747, coursiana J.-F. Leroy_1747,,
1748, coursiana J.-F. Leroy_1748,,
1749, kianjavatensis J.-F. Leroy_1749,,
1750, coursiana J.-F. Leroy_1750,,
1751, lancifolia A. Chev._1751,,
1752, millotii J.-F. Leroy_1752,47.868056,-21.373333
1753, heimii_1753,49.569592,-12.454103
1754, heimii_1754,49.549809,-12.580463
1762, boiviniana_1762,49.300204,-12.374073
1763, richardii J.-F. Leroy_1763,49.459444,-17.705556
1764, dubardii Jum._1764,49.133333,-12.566667
1765, richardii J.-F. Leroy_1765,49.318056,-17.913889
1766, richardii J.-F. Leroy_1766,49.2425,-18.040833
1767, richardii J.-F. Leroy_1767,49.21,-18.006389
1768, millotii J.-F. Leroy_1768,49.198056,-18.036111
1769, perrieri Drake ex Jum. & H. Perrier_1769,44.145556,-22.707778
1770, sakarahae J.-F. Leroy_1770,44.136667,-22.683333
1773, resinosa (Hook. f.) Radlk._1773,49.678333,-16.765833
1775, grevei Drake ex A. Chev._1775,44.483333,-20.166667
1778, tsirananae J.-F. Leroy_1778,49.3375,-12.323889
1779, bissetiae A.P. Davis & Rakotonas._1779,46.8,-16.32
1781, bissetiae A.P. Davis & Rakotonas._1781,46.81,-16.33
1782, boinensis A.P. Davis & Rakotonas._1782,46.8,-16.3
1785, millotii J.-F. Leroy_1785,48.556111,-19.158611
1787, tricalysioides J.-F. Leroy_1787,49.153889,-12.6025
1788, dubardii Jum._1788,49.1725,-12.487778
1789, dubardii Jum._1789,49.174722,-12.482778
1790, dubardii Jum._1790,49.218333,-12.578889
1791, perrieri Drake ex Jum. & H. Perrier_1791,44.561944,-18.111389
1792, bonnieri Dubard_1792,49.176111,-12.515556
1794, moratii J.-F. Leroy ex A.P. Davis & Rakotonas._1794,44.559167,-18.121944
1795, perrieri Drake ex Jum. & H. Perrier_1795,44.472222,-17.939722
1796, tetragona Jum. & H. Perrier_1796,44.507222,-18.047778
1799, pervilleana (Baill.) Drake_1799,44.561389,-18.117778
1802, boiviniana (Baill.) Drake_1802,49.2875,-12.899444
1803, tricalysioides J.-F. Leroy_1803,49.152222,-12.583611
1804, richardii J.-F. Leroy_1804,49.308889,-17.956667
1805, richardii J.-F. Leroy_1805,49.3275,-17.965278
1806, richardii J.-F. Leroy_1806,49.340278,-18.057222
1808, liaudii J.-F. Leroy ex A.P. Davis_1808,,
1812, resinosa (Hook.f.) Radlk._1812,48.343055,-18.791944
1813, millotii J.-F.Leroy_1813,48.292499,-18.866111
1814, liaudii J.-F.Leroy ex A.P.Davis_1814,48.283888,-18.845833
1815, liaudii J.-F.Leroy ex A.P.Davis_1815,48.271944,-18.860555
1816, dubardii Jumelle_1816,44.749166,-16.958611
1818, buxifolia A.Chev._1818,47.731666,-19.661388
1820, bissetiae A.P.Davis & Rakotonas._1820,46.406944,-16.710555
1821, pervilleana (Baill.) Drake_1821,44.561388,-18.117777
1822, perrieri Drake ex Jum. & H.Perrier_1822,44.561944,-18.111388
1823, moratii J.-F.Leroy ex A.P.Davis & Rakotonas._1823,44.559166,-18.121944
1824, mogenetii Dubard_1824,49.172222,-12.526944
1826, boiviniana (Baill.) Drake_1826,46.801111,-16.319444
1827, boiviniana (Baill.) Drake_1827,49.583333,-12.9
1829, bonnieri Dubard_1829,49.176111,-12.515555
1831, grevei Drake ex A.Chev._1831,43.797499,-23.874999
1832, sahafaryensis_1832,49.319776,-12.348961
1833, tsirananae_1833,49.322867,-12.37262
1834, resinosa (Hook.f.) Radlk._1834,49.6067,-13.2581
1836, tsirananae_1836,49.370555,-12.051886
1837, tsirananae_1837,49.299349,-12.17709
1838, tsirananae_1838,49.286155,-12.355806
1839, tsirananae_1839,49.333392,-12.276174
1840, heimii_1840,49.319958,-12.231176
1841, ankaranensis_1841,49.394219,-12.220198
1842, tsirananae_1842,49.251149,-12.267834
1843, tsirananae_1843,49.389809,-12.366895
1844, heimii_1844,49.202966,-12.221671
1845, heimii_1845,49.398762,-12.38876
1846, tsirananae_1846,49.352042,-12.383784
1847, boiviniana_1847,49.331899,-12.343523
1848, heimii_1848,49.306528,-12.355424
1849, tsirananae_1849,49.397008,-12.255726
1850, boiviniana_1850,49.340043,-12.263782
1851, resinosa_1851,49.606667,-13.258056
1852, commersonia_1852,47.027778,-24.940833
1853, homollei_1853,48.731111,-17.503889
1855, cf mangoroensis_1855,48.766667,-17.5
1857, homollei_1857,48.731111,-17.503889
1860, boiviniana_1860,49.352111,-12.34625
1861, canephora_1861,47.477278,-20.546111
1862, ratsimamangae_1862,49.355,-12.343806
1863, tsirananae_1863,49.220055,-12.254734
1864, heimii_1864,49.387585,-12.322474
1865, heimii_1865,49.435269,-12.278797
1866, buxifolia_1866,47.283333,-18.166667
1867, resinosa (Hook.f.) Radlk._1867,47.773055,-23.042499
1868, magnistipula Stoff. & Robbr._1868,48.305833,-18.872222
1869, tricalysioides J.-F.Leroy_1869,47.954722,-19.437499
1870, tricalysioides J.-F.Leroy_1870,47.975555,-19.620833
1871, pervilleana (Baill.) Drake_1871,48.666667,-13.587777
1872, millotii J.-F.Leroy_1872,48.318888,-18.869444
1873, tricalysioides J.-F.Leroy_1873,49.433333,-14.233333
1875, pervilleana (Baill.) Drake_1875,48.666667,-13.587777
1876, abbayesii J.-F.Leroy_1876,46.962222,-24.836667
1878, grevei Drake ex A.Chev._1878,47.595555,-15.466667
1879, humbertii J.-F.Leroy_1879,43.665555,-23.066388
1881, grevei Drake ex A.Chev._1881,46.817777,-16.314444
1882, commersoniana (Baill.) A.Chev._1882,46.868333,-25.061944
1883, buxifolia A.Chev._1883,46.582777,-20.526388
1884, buxifolia A.Chev._1884,,
1886, grevei Drake ex A.Chev._1886,48.314722,-13.424722
1887, dubardii Jumelle_1887,49.105,-12.846388
1888, dubardii Jumelle_1888,49.105,-12.846388
1894, buxifolia A.Chev._1894,47.090555,-22.726667
1895, bissetiae A.P.Davis & Rakotonas._1895,46.801111,-16.319444
1896, bissetiae A.P.Davis & Rakotonas._1896,46.805277,-16.328888
1909, mcphersonii A.P.Davis & Rakotonas._1909,49.606111,-13.261944
1911, boiviniana_1911,49.24682,-12.370286
1913, bissetiae_1913,46.672742,-16.32475
1914, tsirananae_1914,49.201725,-12.347115
1915, ratsimamangae_1915,49.201402,-12.391143
1916, bissetiae_1916,47.552669,-15.692281
1917, boiviniana_1917,49.233713,-12.257155
1924, dubardii_1924,49.105,-12.8464
1926, richardii_1926,49.555672,-17.626077
1927, buxifolia_1927,47.26181,-18.072757
1928, richardii_1928,49.380748,-17.500201
1930, liaudii_1930,47.52341,-18.947216
1931, moratii_1931,44.418355,-18.188084
1932, tricalysioides_1932,47.909907,-19.298964
1933, richardii_1933,49.506512,-17.636398
1934, buxifolia_1934,46.63298,-20.595751
1935, richardii_1935,49.422757,-17.667906
1936, richardii_1936,49.370938,-17.429905
1937, perrieri_1937,47.01973,-16.763061
1938, arenesiana_1938,48.254139,-19.120401
1939, richardii_1939,49.242218,-18.198825
1940, richardii_1940,49.551854,-17.665406
1941, grevei_1941,44.658621,-20.067504
1942, bertrandii_1942,46.486576,-24.820319
1943, abbayesii_1943,47.1401,-24.835216
1944, toshii_1944,47.071423,-23.638626
1945, perrieri_1945,44.050504,-18.043941
2291, humbertii_2291,,
2292, perrieri_2292,,
2293, perrieri_2293,,
2294, perrieri_2294,,
2295, commersoniana_2295,,
2296, commersoniana_2296,,
2297, humbertii_2297,,
2300, resinosa (Hook. f.) Radlk._2300,47.701944,-23.175278
2341, sakarahae J.-F. Leroy_2341,46.726945,-24.777222
2342, bonnieri Dubard_2342,48.092222,-13.761667
2343, richardii J.-F. Leroy_2343,48.9525,-18.824722
2344, perrieri Drake ex Jum. & H. Perrier_2344,46.109722,-24.310833
2345, mangoroensis Portères_2345,48.34527,-18.82194
2346, mangoroensis Portères_2346,48.26833,-18.84194
2347, mangoroensis Portères_2347,48.27583,-18.84027
2348, mangoroensis Portères_2348,48.41916,-18.93722
2349, mangoroensis Portères_2349,48.32277,-18.86
2350, mangoroensis Portères_2350,48.27222,-18.89055
2351, mangoroensis Portères_2351,48.34861,-18.79861
2352, liaudii J.-F. Leroy ex A.P. Davis_2352,48.26916,-18.85722
2353, mangoroensis Portères_2353,48.29305,-18.875
2354, liaudii J.-F. Leroy ex A.P. Davis_2354,48.27777,-18.86777
2355, mangoroensis Portères_2355,48.27555,-18.86305
2356, mangoroensis Portères_2356,48.27583,-18.86861
2357, liaudii J.-F. Leroy ex A.P. Davis_2357,48.27555,-18.86277
2358, mangoroensis Portères_2358,48.27555,-18.86277
2366, mangoroensis Portères_2366,48.34055,-18.78694
2367, mangoroensis Portères_2367,48.34055,-18.79416
2368, mangoroensis Portères_2368,48.34166,-18.7875
2369, mangoroensis Portères_2369,48.35694,-18.83527
2370, mangoroensis Portères_2370,48.29638,-18.80138
2371, mangoroensis Portères_2371,48.27805,-18.87277
2372, liaudii J.-F. Leroy ex A.P. Davis_2372,48.271389,-18.859444
2373, grevei Drake ex A. Chev._2373,43.565278,-22.876944
2374, mangoroensis Portères_2374,48.34333,-18.79694
2375, mangoroensis Portères_2375,48.284722,-18.818333
2376, mangoroensis Portères_2376,48.34305,-18.82333
2377, richardii J.-F. Leroy_2377,50.03972,-14.10777
2378, perrieri Drake ex Jum. & H. Perrier_2378,46.15777,-24.33638
2379, sambavensis J.-F. Leroy ex A.P. Davis & Rakotonas._2379,47.06666,-24.83333
2380, commersoniana (Baill.) A. Chev._2380,46.868333,-25.061944
2381, richardii J.-F. Leroy_2381,49.43333,-17.7
2382, tricalysioides J.-F. Leroy_2382,49.352222,-15.136111
2383, coursiana J.-F. Leroy_2383,49.389722,-13.737222
2384, resinosa (Hook. f.) Radlk._2384,47.733333,-23.166667
2385, resinosa (Hook. f.) Radlk._2385,47.683333,-23.183333
2386, mangoroensis Portères_2386,48.30583,-18.87222
2388, kalobinonensis A.P. Davis & Rakotonas._2388,48.67,-13.65
2389, tsirananae J.-F. Leroy_2389,49.35805,-12.35083
2390, tsirananae J.-F. Leroy_2390,49.21111,-12.17833
2391, callmanderi A.P. Davis & Rakotonas._2391,48.67,-13.64
2392, dubardii Jum._2392,44.749167,-16.958611
2393, dubardii Jum._2393,44.732222,-16.931667
2394, heimii J.-F. Leroy_2394,49.35305,-12.37361
2395, tsirananae J.-F. Leroy_2395,49.35305,-12.37361
2396, ratsimamangae J.-F. Leroy ex A.P. Davis & Rakotonas._2396,49.355,-12.343889
2397, pervilleana (Baill.) Drake_2397,49.36583,-12.37888
2400, vohemarensis A.P. Davis & Rakotonas._2400,47.86777,-21.37777
2401, bissetiae A.P. Davis & Rakotonas._2401,46.41,-16.71
2402, jumellei J.-F. Leroy_2402,49.17361,-12.52388
2403, dubardii Jum._2403,49.10972,-12.90888
2404, heimii J.-F. Leroy_2404,49.45611,-12.58472
2405, mangoroensis Portères_2405,48.29666,-18.8675
2406, liaudii J.-F. Leroy ex A.P. Davis_2406,48.28388,-18.84583
2407, leroyi A.P. Davis_2407,49.301389,-14.325556
2408, leroyi A.P. Davis_2408,49.31111,-14.30166
2409, leroyi A.P. Davis_2409,49.28583,-14.33666
2415, vohemarensis A.P. Davis & Rakotonas._2415,49.810556,-13.593055
2416, liaudii J.-F. Leroy ex A.P. Davis_2416,48.271945,-18.860556
2417, resinosa (Hook. f.) Radlk._2417,47.700278,-23.178611
2418, bissetiae A.P. Davis & Rakotonas._2418,45.8,-16.05
2419, richardii J.-F. Leroy_2419,49.45833,-17.70305
2420, humbertii J.-F. Leroy_2420,43.714444,-23.002222
2421, buxifolia A. Chev._2421,47.004722,-20.089167
2422, resinosa (Hook. f.) Radlk._2422,47.753611,-23.089722
2423, tricalysioides J.-F. Leroy_2423,49.43333,-14.23333
2424, tricalysioides J.-F. Leroy_2424,49.12972,-14.21888
2425, microdubardii A.P. Davis & Rakotonas._2425,49.56,-13.21
2426, mogenetii Dubard_2426,49.06583,-14.22194
2427, boiviniana (Baill.) Drake_2427,49.554167,-13.208889
2428, tsirananae J.-F. Leroy_2428,49.218611,-12.165556
2429, millotii J.-F. Leroy_2429,48.31888,-18.86944
2430, mangoroensis Portères_2430,48.28944,-18.84527
2431, millotii J.-F. Leroy_2431,48.2925,-18.86611
2432, buxifolia A. Chev._2432,46.44583,-23.42
2433, abbayesii J.-F. Leroy_2433,46.45,-24.36666
2434, commersoniana (Baill.) A. Chev._2434,46.86527,-25.05527
2435, sambavensis J.-F. Leroy ex A.P. Davis & Rakotonas._2435,50.09027,-13.71277
2436, resinosa (Hook. f.) Radlk._2436,48.482222,-20.801944
2437, resinosa (Hook. f.) Radlk._2437,48.554167,-20.3725
2438, resinosa (Hook. f.) Radlk._2438,47.724167,-23.170278
2440, resinosa (Hook. f.) Radlk._2440,49.70611,-16.76055
2453, vohemarensis A.P. Davis & Rakotonas._2453,49.810556,-13.593055
2462, millotii J.-F. Leroy_2462,49.98194,-15.62083
2463, resinosa (Hook. f.) Radlk._2463,49.256667,-18.565556
2464, resinosa (Hook. f.) Radlk._2464,48.605833,-20.359444
2465, resinosa (Hook. f.) Radlk._2465,49.23388,-18.595
2466, leroyi A.P. Davis_2466,48.76777,-17.50694
2467, leroyi A.P. Davis_2467,48.72222,-17.54222
2468, richardii J.-F. Leroy_2468,49.25666,-18.56555
2469, resinosa (Hook. f.) Radlk._2469,49.70972,-16.76111
2470, sambavensis J.-F. Leroy ex A.P. Davis & Rakotonas._2470,50.09972,-13.72055
2471, sambavensis J.-F. Leroy ex A.P. Davis & Rakotonas._2471,50.09777,-13.71805
2472, buxifolia A. Chev._2472,46.77527,-20.51194
2480, resinosa (Hook. f.) Radlk._2480,49.4,-17.28333
2500, homollei J.-F. Leroy_2500,48.73111,-17.50388
2513, resinosa (Hook. f.) Radlk._2513,47.70027,-23.17666
2514, resinosa (Hook. f.) Radlk._2514,47.70111,-23.17222
2572, sakarahae J.-F. Leroy_2572,44.150278,-22.704444
2573, perrieri Drake ex Jum. & H. Perrier_2573,44.156111,-22.718056
2574, sakarahae J.-F. Leroy_2574,44.154167,-22.705833
2575, sakarahae J.-F. Leroy_2575,44.158889,-22.687222
2576, commersoniana (Baill.) A. Chev._2576,47.001944,-24.944167
2578, arabica L._2578,49.618889,-14.613056
2579, sambavensis J.-F. Leroy ex A.P. Davis & Rakotonas._2579,49.965833,-14.152778
2580, richardii J.-F. Leroy_2580,50.0,-14.1
2581, toshii A.P. Davis & Rakotonas._2581,46.955,-22.496667
2582, mangoroensis Portères_2582,48.428333,-18.950556
2583, mangoroensis Portères_2583,48.425278,-18.804167
2584, mangoroensis Portères_2584,48.421111,-18.937778
2585, heimii J.-F. Leroy_2585,49.583333,-12.970278
2586, bonnieri Dubard_2586,48.08,-13.75
2587, tetragona Jum. & H. Perrier_2587,47.99,-13.77
2588, bonnieri Dubard_2588,48.08,-13.75
2589, darainensis A.P. Davis & Rakotonas._2589,49.46,-13.13
2590, microdubardii A.P. Davis & Rakotonas._2590,49.68,-13.29
2591, pustulata A.P. Davis & Rakotonas._2591,49.603611,-13.240555
2592, microdubardii A.P. Davis & Rakotonas._2592,49.55,-13.19
2593, darainensis A.P. Davis & Rakotonas._2593,49.66,-12.91
2594, mogenetii Dubard_2594,49.765833,-13.219722
2595, rupicola A.P. Davis & Rakotonas._2595,49.55,-13.22
2596, rupicola A.P. Davis & Rakotonas._2596,49.55,-13.22
2597, mcphersonii A.P. Davis & Rakotonas._2597,49.679445,-13.289722
2598, microdubardii A.P. Davis & Rakotonas._2598,49.61,-13.26
2599, pustulata A.P. Davis & Rakotonas._2599,49.5575,-13.210167
2600, millotii J.-F. Leroy_2600,49.550833,-13.218889
2601, pustulata A.P. Davis & Rakotonas._2601,49.604444,-13.240278
2602, mogenetii Dubard_2602,49.600833,-13.274722
2603, pustulata A.P. Davis & Rakotonas._2603,49.550278,-13.218333
2604, boiviniana (Baill.) Drake_2604,49.600833,-13.274722
2605, jumellei J.-F. Leroy_2605,49.600833,-13.274722
2606, jumellei J.-F. Leroy_2606,49.600833,-13.274722
2608, sambavensis J.-F. Leroy ex A.P. Davis & Rakotonas._2608,48.5825,-19.165
2609, moratii J.-F. Leroy ex A.P. Davis & Rakotonas._2609,44.537222,-18.086389
2610, mangoroensis Portères_2610,48.437222,-18.832778
2611, mangoroensis Portères_2611,48.429445,-18.930556
2612, mangoroensis Portères_2612,48.440556,-18.829722
2613, mangoroensis Portères_2613,48.425278,-18.790833
2614, mangoroensis Portères_2614,48.4175,-18.941111
2615, moratii J.-F. Leroy ex A.P. Davis & Rakotonas._2615,44.529167,-18.077778
2616, richardii J.-F. Leroy_2616,49.990556,-14.112778
2617, richardii J.-F. Leroy_2617,50.007222,-14.100833
2618, mangoroensis Portères_2618,48.421111,-18.937778
2619, mangoroensis Portères_2619,48.424445,-18.925
2620, mangoroensis Portères_2620,48.429722,-18.938333
2621, mangoroensis Portères_2621,48.443333,-18.9225
2622, mangoroensis Portères_2622,48.445278,-18.953611
2623, mangoroensis Portères_2623,48.158056,-19.047778
2624, boiviniana (Baill.) Drake_2624,45.341667,-16.461111
2625, abbayesii J.-F. Leroy_2625,47.136667,-24.835833
2627, mangoroensis Portères_2627,48.803056,-18.401389
2628, mangoroensis Portères_2628,48.803056,-18.401389
2629, abbayesii J.-F. Leroy_2629,47.136111,-24.842778
2630, sakarahae J.-F. Leroy_2630,45.096667,-21.095278
2631, sakarahae J.-F. Leroy_2631,45.096667,-21.095278
2632, jumellei J.-F. Leroy_2632,44.146944,-22.655278
2633, sakarahae J.-F. Leroy_2633,44.137222,-22.701667
2634, abbayesii J.-F. Leroy_2634,47.166111,-24.796389
2635, mangoroensis Portères_2635,48.290556,-18.85
2636, humbertii J.-F. Leroy_2636,46.981111,-24.884722
2637, sakarahae J.-F. Leroy_2637,45.169167,-21.251944
2638, mangoroensis Portères_2638,48.288889,-18.835555
2649, boiviniana (Baill.) Drake_2649,49.544444,-12.673611
2661, richardii J.-F. Leroy_2661,48.950556,-19.044722
2672, mangoroensis Portères_2672,48.280278,-18.854722
2683, humblotiana Baill._2683,47.863889,-21.3825
2684, heimii J.-F. Leroy_2684,47.863889,-21.3825
2685, minutiflora A.P. Davis & Rakotonas._2685,47.863889,-21.3825
2686, perrieri Drake ex Jum. & H. Perrier_2686,47.863889,-21.3825
2687, homollei J.-F. Leroy_2687,47.863889,-21.3825
2688, perrieri Drake ex Jum. & H. Perrier_2688,47.863889,-21.3825
2689, millotii J.-F. Leroy_2689,47.863889,-21.3825
2690, millotii J.-F. Leroy_2690,47.863889,-21.3825
2691, mangoroensis Portères_2691,47.871111,-21.3775
2692, millotii J.-F. Leroy_2692,47.863889,-21.3825
2693, millotii J.-F. Leroy_2693,47.870278,-21.376944
2694, millotii J.-F. Leroy_2694,47.863889,-21.3825
2695, richardii J.-F. Leroy_2695,47.863889,-21.3825
2696, farafanganensis J.-F. Leroy_2696,47.863889,-21.3825
2697, bonnieri Dubard_2697,47.863889,-21.3825
2698, coursiana J.-F. Leroy_2698,47.863889,-21.3825
2699, augagneurii Dubard_2699,47.863889,-21.3825
2700, dubardii Jum._2700,47.863889,-21.3825
2701, eugenioides S. Moore_2701,47.863889,-21.3825
2702, abbayesii J.-F. Leroy_2702,47.863889,-21.3825
2720, commersoniana (Baill.) A. Chev._2720,46.890278,-25.0525
2721, commersoniana (Baill.) A. Chev._2721,47.021111,-24.941944
2726, commersoniana (Baill.) A. Chev._2726,46.993889,-24.974167
2727, commersoniana (Baill.) A. Chev._2727,47.001389,-24.9575
2732, arenesiana J.-F. Leroy_2732,47.928889,-18.919722
2733, millotii J.-F. Leroy_2733,49.861111,-14.401111
2734, buxifolia A. Chev._2734,47.808611,-19.270833
2735, perrieri Drake ex Jum. & H. Perrier_2735,44.288056,-22.820833
2736, richardii J.-F. Leroy_2736,50.041667,-14.101389
2737, perrieri Drake ex Jum. & H. Perrier_2737,44.287778,-22.820556
2738, richardii J.-F. Leroy_2738,50.042222,-14.108333
2739, tricalysioides J.-F. Leroy_2739,47.0975,-24.511111
2740, bertrandii A. Chev._2740,46.674722,-25.122222
2741, mangoroensis Portères_2741,48.279445,-18.846944
2744, homollei J.-F. Leroy_2744,48.581389,-19.163056
2745, mangoroensis Portères_2745,48.279445,-18.869167
2746, perrieri Drake ex Jum. & H. Perrier_2746,46.673333,-24.798889
2748, mangoroensis_2748,47.412985,-18.940755
2749, arenesiana_2749,47.5331,-18.939287
2750, grevei_2750,44.497196,-18.032096
2751, tetragona_2751,44.497196,-18.032096
2752, boiviniana_2752,44.568119,-18.057006
2753, humbertii_2753,44.632515,-23.650485
2754, pervilleana_2754,44.497196,-18.032096
2756, tetragona Jum. & H. Perrier_2756,48.5,-13.78333
2757, tetragona Jum. & H. Perrier_2757,47.99889,-13.77222
2759, tricalysioides J.-F. Leroy_2759,49.15389,-12.6025
2760, tricalysioides J.-F. Leroy_2760,49.15222,-12.58361
2761, pervilleana (Baill.) Drake_2761,44.56139,-18.11778
2763, tetragona Jum. & H. Perrier_2763,44.50722,-18.04778
2765, pervilleana (Baill.) Drake_2765,44.31583,-18.03361
2768, perrieri Jum. & H. Perrier_2768,44.47222,-17.93972
2769, perrieri Jum. & H. Perrier_2769,44.56194,-18.11139
2772, callmanderi A. P. Davis_2772,48.67194,-13.64472
2773, dubardii Jum._2773,49.1725,-12.48778
2774, sambavensis A. P. Davis & Rakotonas._2774,50.09778,-13.71806
2777, moratii A. P. Davis & Rakotonas._2777,44.52917,-18.07778
2782, boiviniana (Baill.) Drake_2782,49.2875,-12.89944
2783, moratii A. P. Davis & Rakotonas._2783,44.55917,-18.12194
2787, bonnieri Dubard_2787,49.17611,-12.51556
2788, boiviniana (Baill.) Drake_2788,46.70611,-19.37333
2789, moratii A. P. Davis & Rakotonas._2789,44.53722,-18.08639
2791, bonnieri Dubard_2791,48.08694,-13.75806
2792, bonnieri Dubard_2792,48.08972,-13.75889
2793, mangoroensis_2793,48.491446,-18.933058
2794, mangoroensis_2794,48.429993,-18.956738
2795, millotii_2795,49.7904,-16.474388
2796, richardii_2796,49.411718,-17.780204
2801, betamponensis Portères & J.-F. Leroy_2801,49.0,-17.0
2802, richardii J.-F. Leroy_2802,49.0,-17.0
2803, resinosa (Hook. f.) Radlk._2803,49.0,-17.0
2804, grevei Drake ex A. Chev._2804,44.0,-20.0
2805, toshii A. P Davis & Rakotonas._2805,47.0,-23.0
2806, millotii J.-F. Leroy_2806,47.0,-23.0
2807, resinosa (Hook. f.) Radlk._2807,47.0,-23.0
2808, mangoroensis Portères_2808,48.57,-18.12
2809, resinosa (Hook. f.) Radlk._2809,48.7,-13.58
2810, ratsimamangae J.-F. Leroy ex A. P. Davis & Rakotonas._2810,49.45,-13.13
2811, mcphersonii A. P. Davis & Rakotonas._2811,49.7,-13.18
2812, dubardii Jum._2812,49.7,-13.18
2813, dubardii Jum._2813,49.7,-13.18
2814, humbertii J.-F. Leroy_2814,44.58,-22.92
2815, buxifolia A. Chev._2815,47.25,-21.25
2818, buxifolia_2818,46.63298,-20.595751
2820, mogenetii_2820,49.16667,-12.51667
2821, decaryana_2821,49.16667,-12.95
2822, sambavensis_2822,49.48611,-13.59806
